
use QLTKNH;

-- Thêm dữ liệu cho bảng Headquarter
INSERT INTO Headquarter (ID, name_headquarter, address, phone_number)
VALUES 
    ('HHY', N'Hưng Yên', N'TP Hưng Yên, Hưng Yên', '0826892316');
GO
-- Thêm dữ liệu cho bảng Customer
INSERT INTO Customer (ID, name_customer, date_of_birth, address, identify_number, phone_number, ID_headquarter)
VALUES 
    ('CHY001', N'Lê Gia Quang', '1990-03-15', N'Hưng Yên', '123456789', '0987654321', 'HHY'),
    ('CHY002', N'Nguyễn Thùy Dung', '1994-11-20', N'Hưng Yên', '987654321', '0987654322', 'HHY'),
	('CHY003', N'Nguyễn Quang Duy', '2022-03-15',N'Hưng Yên', '123451239', '45645546', 'HHY'),
    ('CHY004', N'Trần Minh Quân', '1990-01-20',N'Hưng Yên', '98765123121', '456456', 'HHY'),
	('CHY005', N'Nguyễn Quang Sáng', '2000-03-15', N'Hưng Yên', '123412312789', '4456456', 'HHY'),
	('CHY007', N'Nguyễn Thị Nga', '1999-03-15', N'Hưng Yên', '123123126789', '0945654321', 'HHY'),
    ('CHY008', N'Trần Bình Dương', '1996-05-20', N'Hưng Yên', '9812312321', '0987645622', 'HHY'),
    ('CHY006', N'Trần Văn Quyết', '2000-05-20',N'Hưng Yên', '98712321', '09832456452', 'HHY'),
	('CHY009', N'Nguyễn Thị Tuyết', '1985-03-15', N'Hưng Yên', '1214146789', '0984564321', 'HHY'),
    ('CHY010', N'Hoàng Diễm Quỳnh', '1999-05-20', N'Hưng Yên', '987454521', '09874562', 'HHY'),
	('CHY011', N'Nguyễn Bá Huy', '1996-03-15', N'Hưng Yên', '156556789', '098745645321', 'HHY'),
    ('CHY012', N'Trần Văn Nam', '2004-05-20', N'Hưng Yên', '98978921', '098765456452', 'HHY'),
	('CHY013', N'Trần Văn Kiên', '1999-05-20', N'Hưng Yên', '987897321', '098764562', 'HHY'),
	('CHY014', N'Nguyễn Văn Nam', '1998-03-15', N'Hưng Yên', '1678676789', '09845645321', 'HHY'),
    ('CHY015', N'Trần Thị Bình', '2003-05-15', N'Hưng Yên', '98089021', '0987456422', 'HHY');
GO
-- Thêm dữ liệu cho bảng Account
INSERT INTO Account (ID, balance, start_date, ID_customer)
VALUES 
    ('AHY001', 545000000, '2022-01-01', 'CHY001'),
    ('AHY002', 245000000, '2024-01-15', 'CHY002'),
    ('AHY003', 435000000, '2022-02-01', 'CHY003'),
	('AHY004', 500000000, '2022-07-01', 'CHY004'),
    ('AHY005', 452000000, '2023-01-15', 'CHY005'),
    ('AHY006', 453000000, '2021-02-01', 'CHY006'),
	('AHY007', 655002000, '2023-01-01', 'CHY007'),
    ('AHY008', 342000000, '2024-03-15', 'CHY008'),
    ('AHY009', 343000000, '2022-04-01', 'CHY009'),
	('AHY010', 534300000, '2023-01-01', 'CHY010'),
    ('AHY011', 452000000, '2021-06-15', 'CHY011'),
    ('AHY012', 533000000, '2022-12-01', 'CHY012'),
	('AHY013', 135000000, '2020-11-01', 'CHY013'),
    ('AHY014', 142000005, '2021-01-15', 'CHY014'),
    ('AHY015', 153000400, '2020-02-01', 'CHY015');
GO
-- Thêm dữ liệu cho bảng Employee
INSERT INTO Employee (ID, name_employee, date_of_birth, address, phone_number, ID_headquarter)
VALUES 
    ('EHY001', N'Nguyễn Thị Thắm', '1991-01-01', N'Thái Bình', '09876541231', 'HHY'),
    ('EHY002', N'Nguyễn Phi Long', '1990-05-15', N'Tuyên Quang', '09123654322', 'HHY'),
    ('EHY003', N'Lê Đình Hùng', '1999-06-01', N'Điện Biên', '09444654323', 'HHY'),
	('EHY004', N'Võ Tuyết Nga', '2003-01-01', N'Sơn La', '0955654321', 'HHY'),
    ('EHY005', N'Trần Đăng Khoa', '1995-05-15', N'Bắc Giang', '0977654322', 'HHY'),
	('EHY006', N'Hà Lê Thuấn', '1998-05-15', N'Hưng Yên', '0123123213', 'HHY'),
    ('EHY007', N'Cao Thái Sơn', '2000-06-01', N'Hà Nội', '095544654', 'HHY'),
	('EHY008', N'Trịnh Bá Cường', '2003-01-01', N'Lai Châu', '0988654321', 'HHY');
GO
-- Thêm dữ liệu cho bảng TransactionInfo
INSERT INTO Card (ID, expire_date, ID_card_type, ID_account)
VALUES 
    ('CHY001', '2025-06-12', 'CT001', 'AHY001'),
	('CHY002', '2026-12-14', 'CT001', 'AHY001'),
	('CHY003', '2027-01-03', 'CT001', 'AHY002'),
	('CHY004', '2029-12-16', 'CT001', 'AHY003'),
	('CHY005', '2030-12-10', 'CT001', 'AHY004'),
	('CHY006', '2029-05-30', 'CT001', 'AHY005'),
	('CHY007', '2027-12-03', 'CT001', 'AHY006'),
	('CHY008', '2025-12-03', 'CT001', 'AHY007'),
	('CHY009', '2025-12-19', 'CT001', 'AHY008'),
	('CHY010', '2025-01-02', 'CT001', 'AHY009'),
	('CHY011', '2026-01-12', 'CT001', 'AHY010'),
	('CHY012', '2029-01-14', 'CT002', 'AHY011'),
	('CHY013', '2025-01-17', 'CT003', 'AHY012'),
	('CHY014', '2028-01-12', 'CT004', 'AHY013'),
	('CHY015', '2025-10-01', 'CT005', 'AHY014'),
	('CHY016', '2029-11-02', 'CT006', 'AHY015'),
	('CHY017', '2028-08-17', 'CT007', 'AHY007'),
	('CHY018', '2025-09-17', 'CT004', 'AHY002'),
	('CHY019', '2025-12-17', 'CT001', 'AHY005'),
	('CHY020', '2027-05-16', 'CT002', 'AHY001'),
	('CHY021', '2026-04-13', 'CT003', 'AHY002'),
	('CHY022', '2025-12-12', 'CT006', 'AHY006'),
	('CHY023', '2029-03-14', 'CT005', 'AHY007'),
	('CHY024', '2025-12-15', 'CT002', 'AHY009');
GO
INSERT INTO TransactionInfo (ID, transaction_date, transaction_value, ID_source_account, ID_target_account, ID_employee)
VALUES 
    ('TIHY001', '2024-04-03', 1000000, 'AHY001', 'AHY002', 'EHY001'),
    ('TIHY002', '2024-04-03', 500000, 'AHY001', 'AHY012', 'EHY001'),
    ('TIHY003', '2024-03-03', 1000000, 'AHY001', 'AHY012', 'EHY001'),
	('TIHY004', '2023-03-03', 1000000, 'AHY001', 'AHY002', 'EHY001'),
    ('TIHY005', '2023-03-02', 2500000, 'AHY002', 'AHY003', 'EHY002'),
    ('TIHY006', '2023-04-02', 14000000, 'AHY001', 'AHY005', 'EHY003'),
	('TIHY007', '2025-04-02', 11000000, 'AHY001', 'AHY007', 'EHY003'),
    ('TIHY008', '2025-04-03', 500000, 'AHY002', 'AHY008', 'EHY003'),
    ('TIHY009', '2025-04-03', 1000000, 'AHY001', 'AHY004', 'EHY004'),
	('TIHY010', '2024-05-04', 1000000, 'AHY001', 'AHY005', 'EHY001'),
    ('TIHY011', '2024-05-04', 500000, 'AHY002', 'AHY005', 'EHY005'),
    ('TIHY012', '2023-05-04', 1000000, 'AHY001', 'AHY012', 'EHY001'),
	('TIHY013', '2023-04-03', 1000000, 'AHY001', 'AHY001', 'EHY001'),
    ('TIHY014', '2023-04-03', 500000, 'AHY002', 'AHY003', 'EHY001'),
    ('TIHY015', '2024-04-03', 140005000, 'AHY003', 'AHY002', 'EHY006'),
	('TIHY016', '2024-04-03', 14000000, 'AHY004', 'AHY001', 'EHY007'),
    ('TIHY017', '2023-03-14', 540000, 'AHY005', 'AHY003', 'EHY007'),
    ('TIHY018', '2023-03-14', 1444000, 'AHY006', 'AHY002', 'EHY006'),
	('TIHY019', '2023-03-14', 1434000, 'AHY007', 'AHY001', 'EHY006'),
    ('TIHY020', '2024-03-03', 543400, 'AHY008', 'AHY003', 'EHY001'),
    ('TIHY021', '2024-04-02', 1434000, 'AHY009', 'AHY002', 'EHY001'),
	('TIHY022', '2024-03-13', 1000000, 'AHY010', 'AHY001', 'EHY001'),
    ('TIHY023', '2024-03-13', 500000, 'AHY011', 'AHY003', 'EHY004'),
    ('TIHY024', '2024-03-13', 1000000, 'AHY012', 'AHY002', 'EHY005'),
	('TIHY025', '2024-03-02', 500000, 'AHY013', 'AHY005', 'EHY002'),
	('TIHY026', '2024-03-13', 1000000, 'AHY014', 'AHY001', 'EHY002'),
    ('TIHY027', '2022-03-16', 500000, 'AHY015', 'AHY004', 'EHY002'),
    ('TIHY028', '2022-03-16', 1000000, 'AHY007', 'AHY002', 'EHY005'),
	('TIHY029', '2022-03-06', 500000, 'AHY007', 'AHY002', 'EHY005'),
	('TIHY030', '2024-08-02', 500000, 'AHY005', 'AHY003', 'EHY005'),
    ('TIHY031', '2023-08-04', 500000, 'AHY007', 'AHY005', 'EHY005'),
    ('TIHY032', '2023-08-04', 1000000, 'AHY008', 'AHY012', 'EHY001'),
	('TIHY033', '2023-04-03', 1000000, 'AHY004', 'AHY006', 'EHY001'),
    ('TIHY034', '2023-07-03', 500000, 'AHY005', 'AHY007', 'EHY001'),
    ('TIHY035', '2024-07-03', 140005000, 'AHY003', 'AHY006', 'EHY006'),
	('TIHY036', '2024-07-03', 14000000, 'AHY004', 'AHY006', 'EHY007'),
    ('TIHY037', '2023-07-14', 540000, 'AHY005', 'AHY003', 'EHY007'),
    ('TIHY038', '2023-07-14', 1444000, 'AHY012', 'AHY002', 'EHY006'),
	('TIHY039', '2023-06-14', 1434000, 'AHY013', 'AHY001', 'EHY006'),
    ('TIHY040', '2023-06-03', 543400, 'AHY008', 'AHY012', 'EHY001'),
    ('TIHY041', '2023-06-02', 1434000, 'AHY009', 'AHY014', 'EHY001'),
	('TIHY042', '2023-06-13', 1000000, 'AHY010', 'AHY015', 'EHY001'),
    ('TIHY043', '2023-06-13', 500000, 'AHY011', 'AHY008', 'EHY004'),
    ('TIHY044', '2023-05-13', 1000000, 'AHY012', 'AHY013', 'EHY005'),
	('TIHY045', '2024-05-02', 500000, 'AHY013', 'AHY005', 'EHY002'),
	('TIHY046', '2022-05-13', 1000000, 'AHY014', 'AHY014', 'EHY002'),
    ('TIHY047', '2022-05-16', 500000, 'AHY015', 'AHY004', 'EHY002'),
    ('TIHY048', '2022-05-16', 1000000, 'AHY011', 'AHY013', 'EHY005'),
	('TIHY049', '2022-05-06', 500000, 'AHY009', 'AHY007', 'EHY005'),
	('TIHY050', '2022-03-02', 500000, 'AHY010', 'AHY006', 'EHY005');
Go